operation,samples,HyperCubeSetDD wins,HyperCubeSetDD wins (%),HyperCubeSetDD total time,Z3ProductSet total time,HyperCubeSetDD max time,Z3ProductSet max time,HyperCubeSetDD max advantage,Z3ProductSet max advantage
creation+emptiness,37,25,67.56756756756756,0.6332711997674778,0.7672832999960519,0.06801420007832348,0.052230300032533705,0.04710740002337843,0.02986050007166341
creation+equivalence,666,376,56.45645645645646,19.96082949952688,17.922936597955413,0.0901182999368757,0.10217269998975098,0.05976400006329641,0.06381509994389489
creation+contained_in,1369,651,47.55295836376917,45.124809798784554,31.005065199395176,0.13361509994138032,0.07827349996659905,0.0505303000099957,0.1180052999407053
