operation,samples,CanonicalHyperCubeSet wins,CanonicalHyperCubeSet wins (%),CanonicalHyperCubeSet total time,HyperCubeSetDD total time,CanonicalHyperCubeSet max time,HyperCubeSetDD max time,CanonicalHyperCubeSet max advantage,HyperCubeSetDD max advantage
creation+emptiness,37,2,5.405405405405405,1.7843776998925023,0.6332711997674778,0.1362370999995619,0.06801420007832348,0.003078400099184364,0.13064160000067204
creation+equivalence,666,23,3.4534534534534536,50.09100599901285,19.96082949952688,0.1657872999785468,0.0901182999368757,0.010278900037519634,0.14334000006783754
creation+contained_in,1369,37,2.7027027027027026,115.48247580148745,45.124809798784554,0.49825699999928474,0.13361509994138032,0.02985299995634705,0.47556980000808835
