operation,samples,CanonicalHyperCubeSet wins,CanonicalHyperCubeSet wins (%),CanonicalHyperCubeSet total time,HyperCubeSetDD total time,CanonicalHyperCubeSet max time,HyperCubeSetDD max time,CanonicalHyperCubeSet max advantage,HyperCubeSetDD max advantage
creation+emptiness,37,1,2.7027027027027026,0.368484299920965,0.03997250006068498,0.13180100003955886,0.018231499998364598,1.4500052202492952e-05,0.1316454000188969
creation+equivalence,666,21,3.1531531531531534,2.7591935008531436,0.5565111007308587,0.01813629997195676,0.00242089998209849,7.930002175271511e-05,0.016837199975270778
creation+contained_in,1369,8,0.5843681519357194,12.099918900756165,1.570356301323045,0.3596864999854006,0.039014099980704486,0.027945099980570376,0.35899589996552095
