operation,samples,CanonicalHyperCubeSet wins,CanonicalHyperCubeSet wins (%),CanonicalHyperCubeSet total time,Z3ProductSet total time,CanonicalHyperCubeSet max time,Z3ProductSet max time,CanonicalHyperCubeSet max advantage,Z3ProductSet max advantage
creation+emptiness,41,4,9.75609756097561,131.98098920012126,18.361225799890235,9.675515500013717,6.735079399950337,2.4993214999558404,8.974959500017576
creation+equivalence,820,41,5.0,4699.095661500411,638.4730345988064,16.88973649998661,15.555689699947834,9.35282719990937,16.60273689997848
creation+contained_in,1681,108,6.424747174301011,9887.422870600829,1490.2139575004694,17.44387950003147,30.306240600009914,25.962793899991084,17.03315510012908
