operation,samples,CanonicalHyperCubeSet wins,CanonicalHyperCubeSet wins (%),CanonicalHyperCubeSet total time,Z3ProductSet total time,CanonicalHyperCubeSet max time,Z3ProductSet max time,CanonicalHyperCubeSet max advantage,Z3ProductSet max advantage
creation+emptiness,41,20,48.78048780487805,24.16303870023694,18.361225799890235,7.286865800037049,6.735079399950337,6.266724399931263,6.586309800040908
creation+equivalence,820,798,97.3170731707317,24.72826130007161,638.4730345988064,0.10086429998045787,15.555689699947834,15.508932599972468,0.034428799990564585
creation+contained_in,1681,1410,83.87864366448542,139.30427270114888,1490.2139575004694,3.7457465000334196,30.306240600009914,30.286663600010797,3.703994900046382
