operation,samples,HyperCubeSetDD wins,HyperCubeSetDD wins (%),HyperCubeSetDD total time,Z3ProductSet total time,HyperCubeSetDD max time,Z3ProductSet max time,HyperCubeSetDD max advantage,Z3ProductSet max advantage
creation+emptiness,41,30,73.17073170731707,19.43097509985091,18.361225799890235,6.415283199981786,6.735079399950337,5.831487399933394,5.714727199985646
creation+equivalence,820,819,99.8780487804878,5.750123600999359,638.4730345988064,0.2744556999532506,15.555689699947834,15.54922039998928,0.1006323000183329
creation+contained_in,1681,1605,95.47888161808447,65.89530209929217,1490.2139575004694,4.095806400000583,30.306240600009914,30.30139830004191,4.054054800013546
