operation,samples,CanonicalHyperCubeSet wins,CanonicalHyperCubeSet wins (%),CanonicalHyperCubeSet total time,Z3ProductSet total time,CanonicalHyperCubeSet max time,Z3ProductSet max time,CanonicalHyperCubeSet max advantage,Z3ProductSet max advantage
creation+emptiness,37,33,89.1891891891892,0.368484299920965,0.7672832999960519,0.13180100003955886,0.052230300032533705,0.04881109995767474,0.12270930007798597
creation+equivalence,666,666,100.0,2.7591935008531436,17.922936597955413,0.01813629997195676,0.10217269998975098,0.09635799995157868,-0.0036334999604150653
creation+contained_in,1369,1251,91.38056975894814,12.099918900756165,31.005065199395176,0.3596864999854006,0.07827349996659905,0.06886200001463294,0.31707400002051145
