operation,samples,CanonicalHyperCubeSet wins,CanonicalHyperCubeSet wins (%),CanonicalHyperCubeSet total time,Z3ProductSet total time,CanonicalHyperCubeSet max time,Z3ProductSet max time,CanonicalHyperCubeSet max advantage,Z3ProductSet max advantage
creation+emptiness,37,17,45.945945945945944,1.7843776998925023,0.7672832999960519,0.1362370999995619,0.052230300032533705,0.04712719999952242,0.12714540003798902
creation+equivalence,666,206,30.93093093093093,50.09100599901285,17.922936597955413,0.1657872999785468,0.10217269998975098,0.05922129994723946,0.13801140000578016
creation+contained_in,1369,380,27.757487216946675,115.48247580148745,31.005065199395176,0.49825699999928474,0.07827349996659905,0.04891209997003898,0.4556445000343956
