operation,samples,CanonicalHyperCubeSet wins,CanonicalHyperCubeSet wins (%),CanonicalHyperCubeSet total time,HyperCubeSetDD total time,CanonicalHyperCubeSet max time,HyperCubeSetDD max time,CanonicalHyperCubeSet max advantage,HyperCubeSetDD max advantage
creation+emptiness,41,5,12.195121951219512,24.16303870023694,19.43097509985091,7.286865800037049,6.415283199981786,0.6967495999415405,1.10749520000536
creation+equivalence,820,3,0.36585365853658536,24.72826130007161,5.750123600999359,0.10086429998045787,0.2744556999532506,0.2265001999330707,0.08370319998357445
creation+contained_in,1681,92,5.472932778108269,139.30427270114888,65.89530209929217,3.7457465000334196,4.095806400000583,3.2698028999147937,3.255807399924379
