operation,samples,CanonicalHyperCubeSet wins,CanonicalHyperCubeSet wins (%),CanonicalHyperCubeSet total time,HyperCubeSetDD total time,CanonicalHyperCubeSet max time,HyperCubeSetDD max time,CanonicalHyperCubeSet max advantage,HyperCubeSetDD max advantage
creation+emptiness,41,18,43.90243902439025,131.98098920012126,138.59158839999873,9.675515500013717,12.248851599999398,2.5733360999856814,0.9803416000086145
creation+equivalence,820,420,51.21951219512195,4699.095661500411,4759.261941100003,16.88973649998661,20.121049200002744,3.5516342999726476,3.996045999991111
creation+contained_in,1681,773,45.98453301606187,9887.422870600829,10124.313936199982,17.44387950003147,21.610908700000437,8.66609979999339,4.14006040003369
